query	mutations	truth
CGCCGGACTGCACGACAGTCGATGGGAGCT	22_267del	22_267del
CGCCGGACTGCACGACAGTCGAAACGATGGAGTCGACACGACTCGCGCATAGGCGATGGGAGCT	22_23insAA,50_263del,265_265delinsG	22_23insAA,50_265delinsGG
CGCCGGACTGCACGACAGTCGAACGATGGAGTCGACACGACTCGCGCATAAGCGATGGAGTCGCGAGCGCTATGAGCGCTATGGAGTCGATACGATACGCGACTATGGAGTCGAGAGCGCGCTCGTCGATCTATGGAGTCGCGACTGTACGCACACCGATGGAGTCGATAGTATGCGTACACGACGATGGAGTCGAGTCGAGACGCTGACGATATGGAGTCGATACGTAGCACGCAGAGACGATGGGAGCT	22_23insA,50_76delinsAG,103_103del,127_130delinsA,157_158insT,184_184del,211_212insA,265_266insGA	22_23insA,50_76delinsAG,103_103del,127_130delinsA,157_158insT,184_184del,211_212insA,265_266insGA
CGCCGGACTGCACGACAGTCGAACGATGGAGTCGACACGACTCGCGCATACGATGGAGTCGCGAGCGCTATGAGCGACTATGGAGTCGATACGATACGCGCACGCTATGGAGTCGAGAGCGCGCTCGTCGACTATGGAGTCGCGACTGTACGCACACGCGATGGAGTCGATAGTATGCGTACACGCGATGGAGTCGAGTCGAGACGCTGACGATATGGAGTCGATACGTAGCACGCAGACGATGGGAGCT	22_23insA,49_75del	22_23insA,49_75del
CGCCGGACTGCACGACAGTCGACGTCAGCGTCTCGACCGACTCCATCGTACGCATACTATGGAGTCGAGAGCGCGCTCGTAGCGCTCCCGACTCCATGGAGTCGTGTCGACTCCATCGGATATGGAGTCGATACGTAGCACGCAGAGGAACGATGGGAGCT	25_30delinsTCAGCGTC,36_36del,43_43delinsCATCGTA,50_130del,155_155delinsA,157_165delinsCGC,168_168delinsC,174_211del,213_213delinsC,223_223delinsT,229_237delinsCTCCATCG,265_266insGGAA	25_30delinsTCAGCGTC,36_36del,43_43delinsCATCGTA,50_130del,155_168delinsAGCGCTCC,174_213delinsCC,223_223delinsT,229_237delinsCTCCATCG,265_266insGGAA
CGCCGGACTGCACGACAGTCGAGCGATGCGATGGAGTCGACTACAGTCGCTACGAGGCGATGGAGTCGCGAGCGCTATGAGCGAGACTATGGAGTCGATACGATACGCGCACGGGCTATGGAGTCGAGAGCGCGCTCGTCGACGATGGGAGCT	22_23insG,28_49del,76_77insGG,103_104insGA,130_131insGG,157_264del	22_23insG,28_49del,76_77insGG,103_104insGA,130_131insGG,157_264del
CGCCGGACTGCACGACAGCCGACGTGTAGGCATACTATGGAGTCCATCGTGTGCGTACAGTCGCGACTCCATAGCTCGCTCATAGCGCTCGCGACTCCATTCGTAGCGACTGTAGTCGACTCCATCGTTATGCGCGAGTGGAGTCGACTCCATCGCGATGGAGTCGAGTCGAGACGCTGACCATGGAGTCGATACGTAGCACGCAGAACGATGGGAGCT	19_19delinsC,25_44delinsTGTAG,51_51delinsT,60_60delinsC,62_62delinsTCGTGTGCG,72_72delinsG,75_111del,114_114delinsC,118_125del,128_128delinsT,133_146delinsCATA,154_154del,160_164delinsCCATTC,167_167delinsA,177_182delinsGTCGACTCCATCGTTATG,187_188insG,197_209delinsCTCCAT,238_240delinsC,265_266insA	19_19delinsC,25_44delinsTGTAG,51_51delinsT,60_62delinsCATCGTGTGCG,72_128delinsGACTCCATAGCT,133_146delinsCATA,154_154del,160_167delinsCCATTCGTA,177_182delinsGTCGACTCCATCGTTATG,187_188insG,197_209delinsCTCCAT,238_240delinsC,265_266insA
CGCCGGACTGCACGACAGCGGACTGCACGAGAGTCGCGCGATGGGAGCT	19_20delinsCG,24_125delinsT,131_162delinsA,171_265del	19_125delinsCGGACT,131_162delinsA,171_265del
CGCCGGACTGCACGACAGTCGAAAAACGATGGAGTCGACACGACTCGCGCATACCGATGGAGTCGACTACAGTCGCTACGAGGCGATGGAGTCGCGAGCGCTATGAGCGACTATGGAGTCGATACGATACGCGCACGGCTATGGAGTCGAGAGCGCGCTCGTCGACGATGGGAGCT	22_23insAAAA,49_50insC,76_77insGG,130_131insG,157_264del	22_23insAAAA,49_50insC,76_77insGG,130_131insG,157_264del
CGCCGGACTGCACGACAGTCGAAAAATGGAGTCGACACGACTCGCGCATACGATACGCGCACGACTATGGAGTCGAGAGCGCGCTCGTCGACGATGGGAGCT	23_24delinsAAA,51_118del,130_131insA,157_264del	23_24delinsAAA,51_118del,130_131insA,157_264del
CGCCGGACTGCACGACAGTCGAAAACGATGGAGTCGACACGACTCGCGCATACGATGGAGTCGACTACAGTCGCTACGAGAAAACGATGGAGTCGCGAGCGCTATGAGCGACTATGGAGTCGATACGATACGCGCACGCTATGGAGTCGAGAGCGCGCTCGTCGACTATGGAGTCGCGACTGTACGCACACGGCGATGGAGTCGATAGTATGCGTACACGACCGATGGGAGCT	22_23insAAA,76_77insGAAAA,184_185insG,212_265delinsAC	22_23insAAA,76_77insGAAAA,184_185insG,212_265delinsAC
CGCCGGACTGCACGACAGTCGAAACGATGGAGTCGACACGACTCGCGCATAAATATGGAGTCGATACGTAGCACGCAGAGCGATGGGAGCT	22_23insAA,50_238delinsA,265_266insG	22_23insAA,50_238delinsA,265_266insG
CGCCGGACTGCACGACAGTCGAACGATGGAGTCGACACGACTCGCGCATAAGACGATGGAGTCGACTACAGTCGCTACGAGCGATGGAGTCGCGAGCGCTATGAGCGACTATGGAGTCGATACGATACGCGCACGCTATGGAGTCGAGAGCGCGCTCGTCGAATGGAGTCGCGACTGTACGCACACGCGATGGAGTCGATAGTATGCGATGGAGTCGAGTCGAGACGCTGACGAATATGGAGTCGATACGTAGCACGCAGATGGGAGCT	22_23insA,49_50insAGA,76_77insG,158_159del,206_213del,238_239insA,265_267del	22_23insA,49_50insAGA,76_77insG,158_159del,206_213del,238_239insA,265_267del
CGCCGGACTGCACGACAGTCGAACGATGGAGTCGACACGACTCGCGCATACTCGATGGAGTCGACTACAGTCGCTACGAGGACGATGGAGTCGCGAGCGCTATGAGCGAGCTATGGAGTCGATACGATACGCGCACGCGCTATGGAGTCGAGAGCGCGCTCGTCGAACTATGGAGTCGCGACTGTACGCACACGATGGAGTCGATAGTATGCGTACACGCGATGGAGTCGAGTCGAGACGCTGACCGATATGGAGTCGATACGTAGCACGCAGAGGCGATGGGAGCT	22_23insA,49_50insCT,76_77insGGA,103_104insG,130_131insCG,157_158insA,184_185del,237_238insC,265_266insGG	22_23insA,49_50insCT,76_77insGGA,103_104insG,130_131insCG,157_158insA,184_185del,237_238insC,265_266insGG
CGCCGGACTGCACGACAGTCGAACGATGGAGTCGACACGACTCGCGCATAGAGGAGTCGCGACTGTACGCACACGACGATGGGAGCT	22_23insA,50_161delinsGA,185_264del	22_23insA,50_161delinsGA,185_264del
CGCCGGACTGCACGACAGTCGAACGATGGAGTCGACACGACTCGCGCATAGGAAAACGATGGGAGCT	22_23insA,50_50delinsG,53_264delinsAA	22_23insA,50_264delinsGGAAA
CGCCGGACTGCACGACAGTCGAACGATGGAGTCGACACGACTCGCGCATAGTATATGGAGTCGATACGTAGCACGCAGAAACGATGGGAGCT	22_23insA,50_238delinsGT,265_266insAA	22_23insA,50_238delinsGT,265_266insAA
